Movie,Year,Rank,Production_Countries,Genres,Domestic_Original,Worldwide_Original,Domestic_Adjusted,Foreign_Original,Worldwide_Adjusted,MedianIncome,Domestic_Adjusted_to_Income_Ratio,Domestic_to_Foreign_Ratio,InflationFactor,MedianIncome_YoY_Growth,Worldwide_Corrected
How the Grinch Stole Christmas,2000,6,"Germany, United States of America","Family, Comedy, Fantasy",207062698.23529413,345842198.0,260745620.0,85096578.0,345842198.0,37005.0,7046.226726118092,2.433267037310174,0.7941176470588236,,345842198.0
Gladiator,2000,2,"United Kingdom, United States of America","Action, Drama, Adventure",149060192.02941176,460583960.0,187705427.0,272878533.0,460583960.0,37005.0,5072.434184569653,0.5462510751236404,0.7941176470588236,0.0,460583960.0
X-Men,2000,9,United States of America,"Adventure, Action, Science Fiction",124914481.94117647,296339528.0,157299718.0,139039810.0,296339528.0,37005.0,4250.769301445751,0.8984080310608629,0.7941176470588236,0.0,296339528.0
What Women Want,2000,4,"United Kingdom, United States of America","Comedy, Romance",145174002.61764708,374111707.0,182811707.0,191300000.0,374111707.0,37005.0,4940.189352790164,0.7588813518956983,0.7941176470588236,0.0,374111707.0
What Lies Beneath,2000,10,United States of America,"Drama, Horror, Mystery, Thriller",123456984.61764707,291420351.0,155464351.0,135956000.0,291420351.0,37005.0,4201.171490339143,0.9080657316900105,0.7941176470588236,0.0,291420351.0
Mission: Impossible II,2000,1,United States of America,"Adventure, Action, Thriller",171060794.20588237,546388108.0,215409889.0,330978219.0,546388108.0,37005.0,5821.102256451831,0.516833992045508,0.7941176470588236,0.0,546388108.0
Meet the Parents,2000,7,United States of America,"Comedy, Romance",132017329.85294119,330444045.0,166244045.0,164200000.0,330444045.0,37005.0,4492.475206053236,0.804003226875403,0.7941176470588236,0.0,330444045.0
The Perfect Storm,2000,8,United States of America,"Action, Adventure, Drama, Thriller",145020521.11764708,328718434.0,182618434.0,146100000.0,328718434.0,37005.0,4934.966463991353,0.9926113697306439,0.7941176470588236,0.0,328718434.0
Cast Away,2000,3,United States of America,"Adventure, Drama",185531406.88235295,429632142.0,233632142.0,196000000.0,429632142.0,37005.0,6313.529036616674,0.9465888106242497,0.7941176470588236,0.0,429632142.0
Dinosaur,2000,5,United States of America,"Animation, Family, Adventure",109388167.6764706,349822765.0,137748063.0,212074702.0,349822765.0,37005.0,3722.417592217268,0.5158001715662937,0.7941176470588236,0.0,349822765.0
Jurassic Park III,2001,8,United States of America,"Adventure, Action, Thriller, Science Fiction",305727539.0625,368780809.0,181171875.0,187608934.0,368780809.0,38885.0,4659.171274270284,1.6296001077565954,1.6875,5.080394541278199,368780809.0
Harry Potter and the Sorcerer's Stone,2001,1,"United Kingdom, United States of America","Adventure, Fantasy",535908740.625,974755371.0,317575550.0,657179821.0,974755371.0,38885.0,8167.045133084737,0.8154674314398951,1.6875,0.0,974755371.0
Planet of the Apes,2001,9,United States of America,"Thriller, Science Fiction, Action, Adventure",303769811.25,362211740.0,180011740.0,182200000.0,362211740.0,38885.0,4629.336247910505,1.6672327730515917,1.6875,0.0,362211740.0
Shrek,2001,4,United States of America,"Animation, Comedy, Fantasy, Adventure, Family",451999964.8125,484596038.0,267851831.0,216744207.0,484596038.0,38885.0,6888.307342162788,2.085407361371831,1.6875,0.0,484596038.0
Hannibal,2001,10,"United Kingdom, United States of America","Crime, Drama, Thriller",278593202.25,351692268.0,165092268.0,186600000.0,351692268.0,38885.0,4245.654314002829,1.4929967966237943,1.6875,0.0,351692268.0
Pearl Harbor,2001,6,United States of America,"War, History, Romance, Drama, Action",335040559.875,449220945.0,198542554.0,250678391.0,449220945.0,38885.0,5105.890549054906,1.3365354649775139,1.6875,0.0,449220945.0
"Monsters, Inc.",2001,3,United States of America,"Animation, Comedy, Family",431786109.375,528773250.0,255873250.0,272900000.0,528773250.0,38885.0,6580.25588273113,1.582213665720044,1.6875,0.0,528773250.0
The Lord of the Rings: The Fellowship of the Ring,2001,2,"New Zealand, United States of America","Adventure, Fantasy, Action",528801942.375,868385360.0,313364114.0,555021246.0,868385360.0,38885.0,8058.740234023402,0.9527598198916515,1.6875,0.0,868385360.0
Ocean's Eleven,2001,5,United States of America,"Thriller, Crime",309516440.625,450717150.0,183417150.0,267300000.0,450717150.0,38885.0,4716.912691269127,1.157936553030303,1.6875,0.0,450717150.0
The Mummy Returns,2001,7,United States of America,"Adventure, Action, Fantasy",340908387.1875,433013274.0,202019785.0,230993489.0,433013274.0,38885.0,5195.314002828854,1.4758354820446908,1.6875,0.0,433013274.0
Star Wars: Episode II - Attack of the Clones,2002,4,United States of America,"Adventure, Action, Science Fiction",313813992.4615385,645256452.0,302191252.0,343065200.0,645256452.0,40696.0,7425.576272852369,0.9147357192205403,1.0384615384615385,4.657322875144665,645256452.0
The Lord of the Rings: The Two Towers,2002,1,"New Zealand, United States of America","Adventure, Fantasy, Action",352858722.57692313,923015234.0,339789881.0,583225353.0,923015234.0,40696.0,8349.466311185375,0.605012660649756,1.0384615384615385,0.0,923015234.0
Harry Potter and the Chamber of Secrets,2002,2,"United Kingdom, United States of America, Germany","Adventure, Fantasy",272064962.0769231,878979634.0,261988482.0,616991152.0,878979634.0,40696.0,6437.696137212502,0.4409543981222652,1.0384615384615385,0.0,878979634.0
My Big Fat Greek Wedding,2002,9,"Canada, United States of America","Comedy, Drama, Romance",250724292.92307696,368744044.0,241438208.0,127305836.0,368744044.0,40696.0,5932.725771574602,1.9694642508225386,1.0384615384615385,0.0,368744044.0
Signs,2002,7,United States of America,"Drama, Thriller, Science Fiction, Mystery",236734581.4615385,408247917.0,227966634.0,180281283.0,408247917.0,40696.0,5601.696333792019,1.3131400970867202,1.0384615384615385,0.0,408247917.0
Spider-Man,2002,3,United States of America,"Action, Science Fiction",419233543.2692308,821708551.0,403706375.0,418002176.0,821708551.0,40696.0,9920.05049636328,1.0029458393757997,1.0384615384615385,0.0,821708551.0
Men in Black II,2002,5,United States of America,"Action, Comedy, Science Fiction",197742603.11538464,441818803.0,190418803.0,251400000.0,441818803.0,40696.0,4679.054526243365,0.7865656448503765,1.0384615384615385,0.0,441818803.0
Die Another Day,2002,6,"Spain, United Kingdom, United States of America","Adventure, Action, Thriller",167132221.26923078,431971116.0,160942139.0,271028977.0,431971116.0,40696.0,3954.7409819146847,0.6166581268143545,1.0384615384615385,0.0,431971116.0
Ice Age,2002,8,United States of America,"Animation, Comedy, Family, Adventure",183171535.96153846,383257136.0,176387405.0,206869731.0,383257136.0,40696.0,4334.2688470611365,0.8854438736691665,1.0384615384615385,0.0,383257136.0
Minority Report,2002,10,United States of America,"Science Fiction, Action, Thriller",137152653.92307693,358372926.0,132072926.0,226300000.0,358372926.0,40696.0,3245.3539905641833,0.6060656381930045,1.0384615384615385,0.0,358372926.0
Pirates of the Caribbean: The Curse of the Black Pearl,2003,4,United States of America,"Adventure, Fantasy, Action",434009251.8947369,654264015.0,305413918.0,348850097.0,654264015.0,41990.0,7273.491736127649,1.2441138919756038,1.4210526315789476,3.179673678002759,654264015.0
Finding Nemo,2003,2,United States of America,"Animation, Family",482752863.47368425,871014978.0,339714978.0,531300000.0,871014978.0,41990.0,8090.378137651822,0.908625754702963,1.4210526315789476,0.0,871014978.0
Terminator 3: Rise of the Machines,2003,7,"Germany, United Kingdom, United States of America","Action, Thriller, Science Fiction",213685264.42105266,433371112.0,150371112.0,283000000.0,433371112.0,41990.0,3581.11721838533,0.7550716057281013,1.4210526315789476,0.0,433371112.0
The Matrix Revolutions,2003,8,United States of America,"Adventure, Action, Thriller, Science Fiction",197972452.42105266,427343298.0,139313948.0,288029350.0,427343298.0,41990.0,3317.7887115979997,0.6873343026363552,1.4210526315789476,0.0,427343298.0
X2: X-Men United,2003,9,United States of America,"Adventure, Action, Science Fiction",305454828.3157895,407711549.0,214949694.0,192761855.0,407711549.0,41990.0,5119.0686830197665,1.584622789170552,1.4210526315789476,0.0,407711549.0
The Matrix Reloaded,2003,3,United States of America,"Adventure, Action, Thriller, Science Fiction",400134970.8947369,739412035.0,281576461.0,457835574.0,739412035.0,41990.0,6705.798070969278,0.8739709048793506,1.4210526315789476,0.0,739412035.0
Bruce Almighty,2003,5,United States of America,"Fantasy, Comedy",345073160.3684211,484592874.0,242829261.0,241763613.0,484592874.0,41990.0,5783.0259823767565,1.4273163611615163,1.4210526315789476,0.0,484592874.0
The Lord of the Rings: The Return of the King,2003,1,"New Zealand, United States of America","Adventure, Fantasy, Action",535775672.36842114,1118887224.0,377027325.0,741859899.0,1118887224.0,41990.0,8978.978923553226,0.7222060028997754,1.4210526315789476,0.0,1118887224.0
Bad Boys II,2003,10,United States of America,"Action, Crime, Comedy",196969894.10526317,273339556.0,138608444.0,134731112.0,273339556.0,41990.0,3300.9869969040246,1.4619481067243265,1.4210526315789476,0.0,273339556.0
The Last Samurai,2003,6,"New Zealand, United States of America","Drama, Action, War",157917689.5263158,454627263.0,111127263.0,343500000.0,454627263.0,41990.0,2646.5173374613005,0.4597312649965526,1.4210526315789476,0.0,454627263.0
Meet the Fockers,2004,7,United States of America,"Comedy, Romance",235626603.75,522657936.0,279261160.0,243396776.0,522657936.0,42228.0,6613.175144453917,0.9680761085759,0.84375,0.5668016194331882,522657936.0
Shark Tale,2004,9,United States of America,"Animation, Action, Comedy, Family",135727234.875,374583879.0,160861908.0,213721971.0,374583879.0,42228.0,3809.3660130718954,0.6350644916848535,0.84375,0.0,374583879.0
The Passion of the Christ,2004,5,United States of America,Drama,312419197.125,611490759.0,370274604.0,241212132.0,611486736.0,42228.0,8768.461778914465,1.2952051562854228,0.84375,0.0,611490759.0
Troy,2004,8,United States of America,"Adventure, History, War",112537903.5,497409852.0,133378256.0,364031596.0,497409852.0,42228.0,3158.526475324429,0.3091432302486183,0.84375,0.0,497409852.0
Harry Potter and the Prisoner of Azkaban,2004,2,"United Kingdom, United States of America","Adventure, Fantasy",210550276.96875,795634069.0,249541069.0,546093000.0,795634069.0,42228.0,5909.374561902056,0.38555754600177994,0.84375,0.0,795634069.0
Ocean's Twelve,2004,10,United States of America,"Thriller, Crime",105927986.25,362744280.0,125544280.0,237200000.0,362744280.0,42228.0,2973.010324902908,0.4465766705311973,0.84375,0.0,362744280.0
The Day After Tomorrow,2004,6,United States of America,"Action, Adventure, Science Fiction, Thriller",157562549.15625,552639571.0,186740799.0,365898772.0,552639571.0,42228.0,4422.203253765274,0.4306178681470131,0.84375,0.0,552639571.0
Spider-Man 2,2004,3,United States of America,"Action, Adventure, Science Fiction",315213039.84375,783766341.0,373585825.0,410180516.0,783766341.0,42228.0,8846.874703987874,0.768473946343541,0.84375,0.0,783766341.0
Shrek 2,2004,1,United States of America,"Animation, Family, Comedy, Fantasy, Adventure, Romance",372453868.40625,928974162.0,441426807.0,487534523.0,928961330.0,42228.0,10453.414961636829,0.7639538347241309,0.84375,0.0,928974162.0
The Incredibles,2004,4,United States of America,"Action, Adventure, Animation, Family",220590921.375,631442092.0,261441092.0,370001000.0,631442092.0,42228.0,6191.178649237473,0.5961900680673836,0.84375,0.0,631442092.0
Hitch,2005,10,United States of America,"Comedy, Drama, Romance",130983242.83783783,371594210.0,179495555.0,192098655.0,371594210.0,42409.0,4232.487325803485,0.6818540340005912,0.7297297297297297,0.4286255565028041,371594210.0
Charlie and the Chocolate Factory,2005,8,"United Kingdom, United States of America","Adventure, Comedy, Family, Fantasy",150659325.7297297,474968763.0,206459076.0,268509687.0,474968763.0,42409.0,4868.284467919545,0.5610945638982839,0.7297297297297297,0.0,474968763.0
Star Wars: Episode III - Revenge of the Sith,2005,2,United States of America,"Adventure, Action, Science Fiction",277494745.3783784,849997605.0,380270577.0,469727028.0,849997605.0,42409.0,8966.742366007216,0.5907574587732226,0.7297297297297297,0.0,849997605.0
Harry Potter and the Goblet of Fire,2005,1,"United Kingdom, United States of America","Adventure, Fantasy",211631134.37837836,895921036.0,290013036.0,605908000.0,895921036.0,42409.0,6838.478530500602,0.34927932025716507,0.7297297297297297,0.0,895921036.0
King Kong,2005,5,"New Zealand, United States of America, Germany","Adventure, Drama, Action",159139477.7027027,556906378.0,218080025.0,338826353.0,556906378.0,42409.0,5142.305288971681,0.4696785722056947,0.7297297297297297,0.0,556906378.0
Mr. & Mrs. Smith,2005,7,"Switzerland, United States of America","Action, Comedy, Drama, Thriller",135975122.5135135,487287646.0,186336279.0,300951367.0,487287646.0,42409.0,4393.79091702233,0.45181759388224846,0.7297297297297297,0.0,487287646.0
War of the Worlds,2005,4,United States of America,"Adventure, Thriller, Science Fiction",170961339.4054054,603873119.0,234280354.0,369592765.0,603873119.0,42409.0,5524.307434742625,0.4625667913315495,0.7297297297297297,0.0,603873119.0
"The Chronicles of Narnia: The Lion, the Witch and the Wardrobe",2005,3,"United Kingdom, United States of America","Adventure, Family, Fantasy",212870157.8108108,745013115.0,291710957.0,453302158.0,745013115.0,42409.0,6878.51533872527,0.4695988184790658,0.7297297297297297,0.0,745013115.0
Madagascar,2005,6,United States of America,"Family, Animation, Adventure, Comedy",141272407.2162162,542063846.0,193595521.0,348468325.0,542063846.0,42409.0,4564.963121035629,0.40540960850951435,0.7297297297297297,0.0,542063846.0
Batman Begins,2005,9,"United Kingdom, United States of America","Action, Crime, Drama",149845456.7027027,373443774.0,205343774.0,168100000.0,373443774.0,42409.0,4841.985757740103,0.8914066430856794,0.7297297297297297,0.0,373443774.0
Happy Feet,2006,10,"Australia, United States of America","Animation, Comedy, Family",243000389.04545456,384335608.0,198000317.0,186335291.0,384335608.0,43318.0,4570.855464241193,1.3041028768160432,1.2272727272727273,2.1434129547973413,384335608.0
Ice Age: The Meltdown,2006,3,United States of America,"Animation, Family, Comedy, Adventure",239723943.95454547,660998756.0,195330621.0,465668135.0,660998756.0,43318.0,4509.225287409391,0.5147956794478658,1.2272727272727273,0.0,660998756.0
Night at the Museum,2006,5,"United States of America, United Kingdom","Action, Adventure, Comedy, Family, Fantasy",307877647.0909091,574480841.0,250863268.0,323617573.0,574480841.0,43318.0,5791.201532850086,0.9513625735364782,1.2272727272727273,0.0,574480841.0
Mission: Impossible III,2006,8,United States of America,"Adventure, Action, Thriller",164491119.4090909,398479497.0,134029801.0,264449696.0,398479497.0,43318.0,3094.0902396232514,0.6220128890187527,1.2272727272727273,0.0,398479497.0
Pirates of the Caribbean: Dead Man's Chest,2006,1,United States of America,"Adventure, Fantasy, Action",519523951.0909091,1066179725.0,423315812.0,642863913.0,1066179725.0,43318.0,9772.284315988734,0.8081398575734163,1.2272727272727273,0.0,1066179725.0
X-Men: The Last Stand,2006,7,United States of America,"Adventure, Action, Science Fiction, Thriller",287626657.90909094,460435291.0,234362462.0,226072829.0,460435291.0,43318.0,5410.278914077289,1.2722743338125384,1.2272727272727273,0.0,460435291.0
Superman Returns,2006,9,United States of America,"Science Fiction, Action, Adventure",245554190.1818182,391081192.0,200081192.0,191000000.0,391081192.0,43318.0,4618.892654323838,1.2856240323655403,1.2272727272727273,0.0,391081192.0
Cars,2006,6,United States of America,"Animation, Adventure, Comedy, Family",299556387.0,461983149.0,244082982.0,217900167.0,461983149.0,43318.0,5634.678009141696,1.3747414291793545,1.2272727272727273,0.0,461983149.0
Casino Royale,2006,4,"United Kingdom, United States of America","Adventure, Action, Thriller",205501860.0,606000064.0,167445960.0,438553632.0,605999592.0,43318.0,3865.5053326561706,0.46859003096797974,1.2272727272727273,0.0,606000064.0
The Da Vinci Code,2006,2,United States of America,"Thriller, Mystery",266976169.36363637,760006945.0,217536138.0,542470807.0,760006945.0,43318.0,5021.841682441479,0.4921484546607803,1.2272727272727273,0.0,760006945.0
National Treasure: Book of Secrets,2007,9,United States of America,"Action, Adventure, Mystery, Thriller",144854417.19512197,459242249.0,219964115.0,239278134.0,459242249.0,44334.0,4961.521969594442,0.6053809212467445,0.6585365853658538,2.345445311417893,459242249.0
300,2007,10,"United Kingdom, United States of America","Action, Adventure, War",138697642.75609758,456068181.0,210614939.0,245453242.0,456068181.0,44334.0,4750.641471556819,0.5650674712053613,0.6585365853658538,0.0,456068181.0
Transformers,2007,5,United States of America,"Adventure, Science Fiction, Action",210235297.82926834,709709780.0,319246193.0,390463587.0,709709780.0,44334.0,7200.93366265169,0.5384248488944715,0.6585365853658538,0.0,709709780.0
I Am Legend,2007,7,United States of America,"Drama, Science Fiction, Thriller",168844177.3170732,585410052.0,256393010.0,329017042.0,585410052.0,44334.0,5783.214011819371,0.5131776040861531,0.6585365853658538,0.0,585410052.0
Pirates of the Caribbean: At World's End,2007,1,United States of America,"Adventure, Fantasy, Action",203764670.12195125,960996492.0,309420425.0,651576067.0,960996492.0,44334.0,6979.303130779988,0.3127258357725273,0.6585365853658538,0.0,960996492.0
The Simpsons Movie,2007,8,United States of America,"Animation, Comedy, Family",120601106.78048784,536414270.0,183135014.0,353279256.0,536414270.0,44334.0,4130.8028601073665,0.3413761344099067,0.6585365853658538,0.0,536414270.0
Shrek the Third,2007,4,United States of America,"Fantasy, Adventure, Animation, Comedy, Family",212522889.95121956,808308862.0,322719944.0,485586147.0,808306091.0,44334.0,7279.28777010872,0.4376625883258971,0.6585365853658538,0.0,808308862.0
Harry Potter and the Order of the Phoenix,2007,2,"United Kingdom, United States of America","Adventure, Fantasy",192295803.07317078,941937390.0,292004738.0,649928484.0,941933222.0,44334.0,6586.473992872287,0.29587225026618585,0.6585365853658538,0.0,941937390.0
Spider-Man 3,2007,3,United States of America,"Action, Adventure, Science Fiction",221617516.60975614,890871626.0,336530303.0,554341323.0,890871626.0,44334.0,7590.794942933189,0.3997853081029576,0.6585365853658538,0.0,890871626.0
Ratatouille,2007,6,United States of America,"Animation, Comedy, Family, Fantasy",135952016.04878053,623727147.0,206445654.0,417280431.0,623726085.0,44334.0,4656.59886317499,0.32580491666713346,0.6585365853658538,0.0,623727147.0
Kung Fu Panda,2008,3,United States of America,"Action, Adventure, Animation, Family, Comedy",830961993.8571429,631744560.0,215434591.0,416309969.0,631744560.0,46326.0,4650.403466735743,1.996017524762043,3.8571428571428577,4.493165516308029,1247271962.857143
Iron Man,2008,8,United States of America,"Action, Science Fiction, Adventure",1228901628.857143,585366247.0,318604126.0,266762121.0,585366247.0,46326.0,6877.436558304192,4.606732111179844,3.8571428571428577,0.0,1495663749.857143
Hancock,2008,4,United States of America,"Fantasy, Action",879221342.5714287,629443428.0,227946274.0,401497154.0,629443428.0,46326.0,4920.482536804387,2.189856973609902,3.8571428571428577,0.0,1280718496.5714288
Madagascar: Escape 2 Africa,2008,6,United States of America,"Family, Adventure, Animation, Comedy",694327950.0000001,603900354.0,180010950.0,423889404.0,603900354.0,46326.0,3885.7434270172257,1.6379931733325426,3.8571428571428577,0.0,1118217354.0
Mamma Mia!,2008,5,"Germany, United Kingdom, United States of America","Comedy, Romance",556550876.5714287,610002542.0,144290968.0,465711574.0,610002542.0,46326.0,3114.6865259249666,1.1950548529236869,3.8571428571428577,0.0,610002542.0
Indiana Jones and the Kingdom of the Crystal Skull,2008,2,United States of America,"Adventure, Action",1223104316.1428573,786636033.0,317101119.0,469534914.0,786636033.0,46326.0,6844.992423261236,2.6049273007690696,3.8571428571428577,0.0,1692639230.1428573
WALL·E,2008,9,"Hungary, Norway, Sweden","Drama, War, History",863260061.1428573,521311860.0,223808164.0,297503696.0,521311860.0,46326.0,4831.156672279066,2.901678442149026,3.8571428571428577,0.0,1160763757.1428573
The Dark Knight,2008,1,"United Kingdom, United States of America","Drama, Action, Crime, Thriller",2057189238.0000002,1003845358.0,533345358.0,470500000.0,1003845358.0,46326.0,11512.873073436083,4.372346945802338,3.8571428571428577,0.0,2527689238.0
The Chronicles of Narnia: Prince Caspian,2008,10,United States of America,"Adventure, Family, Fantasy",546254318.5714287,419665568.0,141621490.0,278044078.0,419665568.0,46326.0,3057.062772525148,1.9646320917916786,3.8571428571428577,0.0,824298396.5714287
Quantum of Solace,2008,7,"United Kingdom, United States of America","Adventure, Action, Thriller, Crime",649421075.5714287,589580694.0,168368427.0,421212055.0,589580482.0,46326.0,3634.4261753658852,1.5417912850842521,3.8571428571428577,0.0,1070633130.5714287
Up,2009,6,United States of America,"Animation, Comedy, Family, Adventure",416374338.3157895,735099082.0,293004164.0,442094918.0,735099082.0,48201.0,6078.7984481649755,0.9418211369617905,1.4210526315789476,4.047403186115783,735099082.0
Transformers: Revenge of the Fallen,2009,4,United States of America,"Science Fiction, Action, Adventure",571422131.0526316,836303693.0,402111870.0,434191823.0,836303693.0,48201.0,8342.39683823987,1.3160591719679429,1.4210526315789476,0.0,836303693.0
The Twilight Saga: New Moon,2009,7,United States of America,"Adventure, Fantasy, Drama, Romance",421517795.6842106,709827462.0,296623634.0,413203828.0,709827462.0,48201.0,6153.8896288458745,1.0201207421636245,1.4210526315789476,0.0,709827462.0
Sherlock Holmes,2009,8,United States of America,"Action, Adventure, Crime, Mystery",297040754.3684211,524028679.0,209028679.0,315000000.0,524028679.0,48201.0,4336.604614012157,0.9429865218045114,1.4210526315789476,0.0,524028679.0
The Hangover,2009,10,United States of America,Comedy,394089872.6842106,468812793.0,277322503.0,191490290.0,468812793.0,48201.0,5753.459534034563,2.058014913885245,1.4210526315789476,0.0,468812793.0
2012,2009,5,United States of America,"Action, Adventure, Science Fiction",236054132.05263162,769679473.0,166112167.0,603567306.0,769679473.0,48201.0,3446.239019937346,0.39109827471773567,1.4210526315789476,0.0,769679473.0
Avatar,2009,1,"United States of America, United Kingdom","Action, Adventure, Fantasy, Science Fiction",1065457144.894737,2743577587.0,749766139.0,1993811448.0,2743577587.0,48201.0,15554.991369473662,0.534382098148499,1.4210526315789476,0.0,2743577587.0
Ice Age: Dawn of the Dinosaurs,2009,3,United States of America,"Animation, Comedy, Family, Adventure",279341580.7894737,886686817.0,196573705.0,690113112.0,886686817.0,48201.0,4078.208024729777,0.40477651551920335,1.4210526315789476,0.0,886686817.0
Harry Potter and the Half-Blood Prince,2009,2,"United Kingdom, United States of America","Adventure, Fantasy",429099911.52631587,933959197.0,301959197.0,632000000.0,933959197.0,48201.0,6264.583660090039,0.6789555562125251,1.4210526315789476,0.0,933959197.0
Angels & Demons,2009,9,"Italy, United States of America","Thriller, Mystery",189534096.94736844,485930816.0,133375846.0,352554970.0,485930816.0,48201.0,2767.076326217298,0.5376015460720025,1.4210526315789476,0.0,485930816.0
Shrek Forever After,2010,5,United States of America,"Comedy, Adventure, Fantasy, Animation, Family",379170191.1176471,752600867.0,238736787.0,513864080.0,752600867.0,50233.0,4752.58867676627,0.7378803186975963,1.5882352941176472,4.215680172610536,752600867.0
Inception,2010,4,"United Kingdom, United States of America","Action, Science Fiction, Adventure",464679839.1176471,828258695.0,292576195.0,535682500.0,828258695.0,50233.0,5824.382278581808,0.8674538352805012,1.5882352941176472,0.0,828258695.0
How to Train Your Dragon,2010,10,United States of America,"Fantasy, Adventure, Animation, Family",345570190.41176474,494878759.0,217581231.0,277297528.0,494878759.0,50233.0,4331.440109091633,1.2462072522037222,1.5882352941176472,0.0,494878759.0
Harry Potter and the Deathly Hallows: Part 1,2010,3,"United Kingdom, United States of America","Adventure, Fantasy",470091131.47058827,960283305.0,295983305.0,664300000.0,960283305.0,50233.0,5892.208408814922,0.7076488506256033,1.5882352941176472,0.0,960283305.0
Tangled,2010,8,United States of America,"Animation, Family",318952486.5882353,591794936.0,200821936.0,390973000.0,591794936.0,50233.0,3997.8089303844085,0.8157915932512867,1.5882352941176472,0.0,591794936.0
Iron Man 2,2010,7,United States of America,"Adventure, Action, Science Fiction",496217643.3529412,623933331.0,312433331.0,311500000.0,623933331.0,50233.0,6219.682897696734,1.592994039656312,1.5882352941176472,0.0,623933331.0
Alice in Wonderland,2010,2,United States of America,"Family, Fantasy, Adventure",530774115.882353,1025467110.0,334191110.0,691276000.0,1025467110.0,50233.0,6652.8200585272625,0.7678179423014151,1.5882352941176472,0.0,1025467110.0
The Twilight Saga: Eclipse,2010,6,United States of America,"Adventure, Fantasy, Drama, Romance",477315133.94117653,698491347.0,300531751.0,397959596.0,698491347.0,50233.0,5982.755379929528,1.1994060169394094,1.5882352941176472,0.0,698491347.0
Despicable Me,2010,9,United States of America,"Animation, Family, Comedy",399663235.5882353,543239815.0,251639815.0,291600000.0,543239815.0,50233.0,5009.452252503334,1.3705872276688453,1.5882352941176472,0.0,543239815.0
Toy Story 3,2010,1,United States of America,"Animation, Family, Comedy",659125397.6470588,1066969703.0,415004880.0,651964823.0,1066969703.0,50233.0,8261.598550753488,1.01098306901607,1.5882352941176472,0.0,1066969703.0
The Hangover Part II,2011,8,United States of America,Comedy,221630201.12903225,586764305.0,254464305.0,332300000.0,586764305.0,50303.0,5058.63079736795,0.6669581737256463,0.8709677419354839,0.1393506260824573,586764305.0
Harry Potter and the Deathly Hallows: Part 2,2011,1,"United Kingdom, United States of America","Fantasy, Adventure",331848481.0645161,1341511219.0,381011219.0,960500000.0,1341511219.0,50303.0,7574.323976701191,0.34549555550704436,0.8709677419354839,0.0,1341511219.0
Mission: Impossible - Ghost Protocol,2011,5,United States of America,"Action, Thriller, Adventure",182378818.7419355,694713380.0,209397903.0,485315477.0,694713380.0,50303.0,4162.731904657774,0.37579435930895627,0.8709677419354839,0.0,694713380.0
Pirates of the Caribbean: On Stranger Tides,2011,3,"United Kingdom, United States of America","Adventure, Action, Fantasy",209965763.03225806,1045713802.0,241071802.0,804642000.0,1045713802.0,50303.0,4792.39413156273,0.26094308155957313,0.8709677419354839,0.0,1045713802.0
Cars 2,2011,10,United States of America,"Animation, Family, Adventure, Comedy",166748861.03225806,559852396.0,191452396.0,368400000.0,559852396.0,50303.0,3805.9836590263008,0.45262991593989704,0.8709677419354839,0.0,559852396.0
The Smurfs,2011,9,United States of America,"Animation, Family, Adventure, Comedy, Fantasy",124212331.16129032,563749323.0,142614158.0,421135165.0,563749323.0,50303.0,2835.1024392183367,0.29494647202232643,0.8709677419354839,0.0,563749323.0
The Twilight Saga: Breaking Dawn - Part 1,2011,4,United States of America,"Adventure, Fantasy, Romance",244992019.06451613,712205856.0,281287133.0,430918723.0,712205856.0,50303.0,5591.856012563863,0.5685341712676433,0.8709677419354839,0.0,712205856.0
Transformers: Dark of the Moon,2011,2,United States of America,"Action, Science Fiction, Adventure",306920795.516129,1123794079.0,352390543.0,771403536.0,1123794079.0,50303.0,7005.358388167704,0.39787320279554567,0.8709677419354839,0.0,1123794079.0
Fast Five,2011,7,United States of America,"Action, Thriller, Crime",182761845.96774194,626137675.0,209837675.0,416300000.0,626137675.0,50303.0,4171.474365346004,0.43901476331429723,0.8709677419354839,0.0,626137675.0
Kung Fu Panda 2,2011,6,United States of America,"Animation, Family, Comedy",143926603.2580645,665692281.0,165249063.0,500443218.0,665692281.0,50303.0,3285.0737132974177,0.2875982690568993,0.8709677419354839,0.0,665692281.0
The Twilight Saga: Breaking Dawn - Part 2,2012,6,United States of America,"Adventure, Fantasy, Drama, Romance",438487105.5,829746820.0,292324737.0,537422083.0,829746820.0,49777.0,5872.686923679611,0.8159082392972676,1.5,-1.0456632805200483,829746820.0
Men in Black³,2012,10,United States of America,"Action, Adventure, Comedy, Science Fiction",268531281.0,654213485.0,179020854.0,475192631.0,654213485.0,49777.0,3596.4572794664205,0.5650998426362381,1.5,0.0,654213485.0
Ice Age: Continental Drift,2012,5,United States of America,"Animation, Comedy, Adventure, Family",241982764.5,877244782.0,161321843.0,715922939.0,877244782.0,49777.0,3240.891234907688,0.3380011329683068,1.5,0.0,877244782.0
Skyfall,2012,2,"United Kingdom, United States of America","Action, Adventure, Thriller",456540415.5,1108561013.0,304360277.0,804200736.0,1108561013.0,49777.0,6114.476103421259,0.5676946004436385,1.5,0.0,1108561013.0
The Hunger Games,2012,9,United States of America,"Science Fiction, Adventure, Fantasy",612016038.0,694394724.0,408010692.0,286384032.0,694394724.0,49777.0,8196.771440625189,2.1370466562884345,1.5,0.0,694394724.0
Madagascar 3: Europe's Most Wanted,2012,8,United States of America,"Animation, Family, Comedy, Adventure",324587223.0,746921274.0,216391482.0,530529792.0,746921274.0,49777.0,4347.21823332061,0.6118171456052746,1.5,0.0,746921274.0
The Hobbit: An Unexpected Journey,2012,4,"New Zealand, United States of America","Adventure, Fantasy, Action",454505352.0,1017003568.0,303003568.0,714000000.0,1017003568.0,49777.0,6087.220362818169,0.6365621176470588,1.5,0.0,1017003568.0
The Dark Knight Rises,2012,3,"United Kingdom, United States of America","Action, Crime, Drama, Thriller",672208648.5,1084939099.0,448139099.0,636800000.0,1084939099.0,49777.0,9002.935070414047,1.0556040334484924,1.5,0.0,1084939099.0
The Avengers,2012,1,United States of America,"Science Fiction, Action, Adventure",935036865.0,1518812988.0,623357910.0,895455078.0,1518812988.0,49777.0,12523.010828294193,1.0442029845745093,1.5,0.0,1518812988.0
The Amazing Spider-Man,2012,7,United States of America,"Action, Adventure, Science Fiction",393045994.5,757930663.0,262030663.0,495900000.0,757930663.0,49777.0,5264.091106334251,0.7925912371445856,1.5,0.0,757930663.0
The Hunger Games: Catching Fire,2013,5,United States of America,"Adventure, Action, Science Fiction",882002866.846154,865011746.0,424668047.0,440343699.0,865011746.0,49276.0,8618.1517777417,2.0029873683877875,2.076923076923077,-1.0064889406754096,1322346565.846154
Frozen,2013,1,United States of America,"Animation, Family, Adventure, Fantasy",832302018.6923077,1280802282.0,400738009.0,880064273.0,1280802282.0,49276.0,8132.519055929864,0.9457286748558963,2.076923076923077,0.0,1280802282.0
The Hobbit: The Desolation of Smaug,2013,4,"New Zealand, United States of America","Fantasy, Adventure, Action",536608083.4615385,958366855.0,258366855.0,700000000.0,958366855.0,49276.0,5243.25949752415,0.7665829763736264,2.076923076923077,0.0,958366855.0
Fast & Furious 6,2013,6,United States of America,"Action, Thriller, Crime",495719688.4615385,788679850.0,238679850.0,550000000.0,788679850.0,49276.0,4843.734272262359,0.9013085244755246,2.076923076923077,0.0,788679850.0
Gravity,2013,8,"United Kingdom, United States of America","Science Fiction, Thriller, Drama",569269464.2307693,723192705.0,274092705.0,449100000.0,723192705.0,49276.0,5562.39761750142,1.267578410667489,2.076923076923077,0.0,723192705.0
Despicable Me 2,2013,3,United States of America,"Animation, Comedy, Family",764443491.923077,970766005.0,368065385.0,602700620.0,970766005.0,49276.0,7469.46556132803,1.2683635399662887,2.076923076923077,0.0,970766005.0
Thor: The Dark World,2013,10,United States of America,"Action, Adventure, Fantasy",428598290.7692308,644783140.0,206362140.0,438421000.0,644783140.0,49276.0,4187.883350921341,0.9775952583686246,2.076923076923077,0.0,644783140.0
Man of Steel,2013,9,"United Kingdom, United States of America","Action, Adventure, Science Fiction",604479152.7692308,670145518.0,291045518.0,379100000.0,670145518.0,49276.0,5906.435546716454,1.5945110861757605,2.076923076923077,0.0,670145518.0
Monsters University,2013,7,United States of America,"Animation, Family",557638817.5384616,743559607.0,268492764.0,475066843.0,743559607.0,49276.0,5448.753226722948,1.1738112767816582,2.076923076923077,0.0,743559607.0
Iron Man 3,2013,2,United States of America,"Action, Adventure, Science Fiction",849490602.923077,1214811252.0,409013994.0,805797258.0,1214811252.0,49276.0,8300.47069567335,1.0542237448555292,2.076923076923077,0.0,1214811252.0
Maleficent,2014,4,United States of America,"Fantasy, Adventure, Action, Family, Romance",1303616041.2,758410378.0,241410378.0,517000000.0,758410378.0,50054.0,4822.998721380909,2.5215010468085106,5.4,1.5788619206104304,1820616041.2
Guardians of the Galaxy,2014,3,United States of America,"Action, Science Fiction, Adventure",1799153640.0,772776600.0,333176600.0,439600000.0,772776600.0,50054.0,6656.343149398649,4.09270618744313,5.4,0.0,2238753640.0
The Hunger Games: Mockingjay - Part 1,2014,5,United States of America,"Science Fiction, Adventure, Thriller",1820533779.0000002,755356711.0,337135885.0,418220826.0,755356711.0,50054.0,6735.443421105207,4.3530442910081195,5.4,0.0,2238754605.0
Transformers: Age of Extinction,2014,1,United States of America,"Science Fiction, Action, Adventure",1325371010.4,1104054072.0,245439076.0,858614996.0,1104054072.0,50054.0,4903.485755384185,1.5436150271943307,5.4,0.0,2183986006.4
The Hobbit: The Battle of the Five Armies,2014,2,"New Zealand, United States of America","Action, Adventure, Fantasy",1377646855.2,956019788.0,255119788.0,700900000.0,956019788.0,50054.0,5096.891117593,1.9655398133827937,5.4,0.0,2078546855.2
Dawn of the Planet of the Apes,2014,8,"United Kingdom, United States of America","Science Fiction, Action, Drama, Thriller",1126146180.6000001,710644566.0,208545589.0,502098977.0,710644566.0,50054.0,4166.412054980621,2.24287686728348,5.4,0.0,1628245157.6000001
Interstellar,2014,10,"United Kingdom, United States of America","Adventure, Drama, Science Fiction",1015308091.8000001,681070397.0,188020017.0,493050380.0,681070397.0,50054.0,3756.343489031846,2.059238027156576,5.4,0.0,1508358471.8000002
Captain America: The Winter Soldier,2014,7,United States of America,"Action, Adventure, Science Fiction",1402739488.8000002,714421503.0,259766572.0,454654931.0,714421503.0,50054.0,5189.726535341831,3.0852837903126145,5.4,0.0,1857394419.8000002
The Amazing Spider-Man 2,2014,9,United States of America,"Action, Adventure, Science Fiction",1095411238.2,708982323.0,202853933.0,506128390.0,708982323.0,50054.0,4052.701742118512,2.1642951864446887,5.4,0.0,1601539628.2
X-Men: Days of Future Past,2014,6,United States of America,"Action, Adventure, Science Fiction",1263176283.6000001,746045700.0,233921534.0,512124166.0,746045700.0,50054.0,4673.383425900028,2.466543013320719,5.4,0.0,1775300449.6000001
Jurassic World,2015,2,United States of America,"Action, Adventure, Science Fiction, Thriller",2515900982.1428576,1670400637.0,652270625.0,1018130012.0,1670400637.0,51017.0,12785.358311935237,2.4710999111013905,3.8571428571428577,1.923922164062808,3534030994.1428576
Star Wars: Episode VII - The Force Awakens,2015,1,United States of America,"Adventure, Action, Science Fiction",3612840010.7142863,2068223624.0,936662225.0,1131561399.0,2068223624.0,51017.0,18359.80604504381,3.1927918484203137,3.8571428571428577,0.0,4744401409.714287
Mission: Impossible - Rogue Nation,2015,8,United States of America,"Action, Adventure",752306311.2857144,682714267.0,195042377.0,487671890.0,682714267.0,51017.0,3823.085971342886,1.5426485034552933,3.8571428571428577,0.0,1239978201.2857144
The Hunger Games: Mockingjay - Part 2,2015,9,"Germany, United States of America","Action, Adventure, Science Fiction",1086649336.2857144,653428261.0,281723902.0,371704359.0,653428261.0,51017.0,5522.157359311602,2.9234237102011345,3.8571428571428577,0.0,1458353695.2857144
Minions,2015,5,United States of America,"Family, Animation, Adventure, Comedy",1296176541.4285717,1159398397.0,336045770.0,823352627.0,1159398397.0,51017.0,6586.93709939824,1.5742666008747328,3.8571428571428577,0.0,2119529168.4285717
The Martian,2015,10,United States of America,"Drama, Adventure, Science Fiction",881101271.5714287,630161890.0,228433663.0,401728227.0,630161890.0,51017.0,4477.598898406413,2.1932769777002217,3.8571428571428577,0.0,1282829498.5714288
Furious 7,2015,3,United States of America,"Action, Thriller, Crime",1361598505.7142859,1515047671.0,353007020.0,1162040651.0,1515047671.0,51017.0,6919.399807907168,1.1717305281381984,3.8571428571428577,0.0,1515047671.0
Inside Out,2015,7,United States of America,"Animation, Family, Adventure, Drama, Comedy",1374923742.4285717,858294430.0,356461711.0,501832719.0,858294430.0,51017.0,6987.116274967168,2.7398048998645934,3.8571428571428577,0.0,1876756461.4285717
Spectre,2015,6,"United Kingdom, United States of America","Action, Adventure, Thriller",771716349.0000001,880674609.0,200074609.0,680600000.0,880674609.0,51017.0,3921.7243075837464,1.1338765045548047,3.8571428571428577,0.0,880674609.0
Avengers: Age of Ultron,2015,4,United States of America,"Action, Adventure, Science Fiction",1770451205.1428573,1402805868.0,459005868.0,943800000.0,1402805868.0,51017.0,8997.116020150146,1.8758754027790394,3.8571428571428577,0.0,2714251205.1428576
Suicide Squad,2016,10,United States of America,"Action, Adventure, Fantasy",398986429.90909094,749200054.0,325100054.0,424100000.0,749200054.0,51939.0,6259.266716725389,0.9407838479346639,1.2272727272727273,1.8072407236803478,749200054.0
Deadpool,2016,9,United States of America,"Action, Adventure, Comedy",445586779.22727275,782612155.0,363070709.0,419541446.0,782612155.0,51939.0,6990.329213115386,1.0620804773297006,1.2272727272727273,0.0,782612155.0
The Secret Life of Pets,2016,6,United States of America,"Adventure, Comedy, Animation, Family",452402010.0,875697467.0,368623860.0,507073607.0,875697467.0,51939.0,7097.2460001155205,0.8921821285011192,1.2272727272727273,0.0,875697467.0
The Jungle Book,2016,5,"United Kingdom, United States of America","Family, Adventure, Drama, Fantasy",446728650.95454544,966550600.0,364001123.0,602549477.0,966550600.0,51939.0,7008.242804058607,0.7413974586431272,1.2272727272727273,0.0,966550600.0
Rogue One: A Star Wars Story,2016,2,United States of America,"Action, Adventure, Science Fiction",653126715.8181819,1056057273.0,532177324.0,523879949.0,1056057273.0,51939.0,10246.198887156086,1.2467106577850375,1.2272727272727273,0.0,1056057273.0
Finding Dory,2016,3,United States of America,"Adventure, Animation, Comedy, Family",596817279.4090909,1028570889.0,486295561.0,542275328.0,1028570889.0,51939.0,9362.821020812877,1.1005798135981044,1.2272727272727273,0.0,1028570889.0
Captain America: Civil War,2016,1,United States of America,"Adventure, Action, Science Fiction",500830791.95454544,1153296293.0,408084349.0,745211944.0,1153296293.0,51939.0,7856.9927992452685,0.6720649017865787,1.2272727272727273,0.0,1153296293.0
Batman v Superman: Dawn of Justice,2016,7,United States of America,"Action, Adventure, Fantasy",405442056.27272725,874360194.0,330360194.0,544000000.0,874360194.0,51939.0,6360.5420589537725,0.7452978975601604,1.2272727272727273,0.0,874360194.0
Fantastic Beasts and Where to Find Them,2016,8,"United Kingdom, United States of America","Fantasy, Adventure",287227932.95454544,816037575.0,234037575.0,582000000.0,816037575.0,51939.0,4506.0084907295095,0.4935187851452671,1.2272727272727273,0.0,816037575.0
Zootopia,2016,4,United States of America,"Animation, Adventure, Family, Comedy",418829213.45454544,1023784195.0,341268248.0,682515947.0,1023784195.0,51939.0,6570.558693852404,0.6136548388290559,1.2272727272727273,0.0,1023784195.0
The Fate of the Furious,2017,3,United States of America,"Action, Crime, Thriller",277373927.04545456,1236005118.0,226008385.0,1009996733.0,1236005118.0,53585.0,4217.754688812168,0.274628538868209,1.2272727272727273,3.169102216061148,1236005118.0
Wolf Warrior 2,2017,7,China,"War, Action, Thriller",3339531.8181818184,870325439.0,2721100.0,867604339.0,870325439.0,53585.0,50.78100214612298,0.0038491414439339477,1.2272727272727273,0.0,870325439.0
Wonder Woman,2017,10,United States of America,"Action, Adventure, Fantasy",506327818.90909094,822963408.0,412563408.0,410400000.0,822963408.0,53585.0,7699.23314360362,1.2337422488038279,1.2272727272727273,0.0,822963408.0
Thor: Ragnarok,2017,9,United States of America,"Action, Adventure, Science Fiction",386662445.5909091,853977126.0,315058289.0,538918837.0,853977126.0,53585.0,5879.598563030699,0.7174780672788195,1.2272727272727273,0.0,853977126.0
Beauty and the Beast,2017,2,United States of America,"Family, Fantasy, Romance",618562838.8636364,1263521126.0,504014165.0,759506961.0,1263521126.0,53585.0,9405.881589997201,0.8144268198005843,1.2272727272727273,0.0,1263521126.0
Despicable Me 3,2017,4,United States of America,"Action, Animation, Comedy, Family, Adventure",324766186.3636364,1034799409.0,264624300.0,770175109.0,1034799409.0,53585.0,4938.402538023701,0.4216783723188805,1.2272727272727273,0.0,1034799409.0
Star Wars: Episode VIII - The Last Jedi,2017,1,United States of America,"Adventure, Action, Science Fiction",761131696.0909091,1332539889.0,620181382.0,712358507.0,1332539889.0,53585.0,11573.787104600167,1.0684671953961926,1.2272727272727273,0.0,1332539889.0
Jumanji: Welcome to the Jungle,2017,5,United States of America,"Adventure, Comedy, Fantasy",496450816.3636364,962077546.0,404515480.0,557562066.0,962077546.0,53585.0,7549.043202388728,0.8903956108872665,1.2272727272727273,0.0,962077546.0
Guardians of the Galaxy Vol. 2,2017,8,United States of America,"Science Fiction, Adventure, Action",478406987.5909091,863756051.0,389813101.0,473942950.0,863756051.0,53585.0,7274.66830269665,1.0094189344749387,1.2272727272727273,0.0,863756051.0
Spider-Man: Homecoming,2017,6,United States of America,"Action, Adventure, Science Fiction, Drama",410155944.54545456,880166924.0,334201140.0,545965784.0,880166924.0,53585.0,6236.841280209013,0.7512484418720543,1.2272727272727273,0.0,880166924.0
Avengers: Infinity War,2018,1,United States of America,"Adventure, Action, Science Fiction",964632527.0526317,2048359754.0,678815482.0,1369544272.0,2048359754.0,53657.0,12651.01444359543,0.7043456329045431,1.4210526315789476,0.13436596062330608,2048359754.0
Bohemian Rhapsody,2018,6,"United Kingdom, United States of America","Music, Drama",307555638.631579,903655259.0,216428042.0,687227217.0,903655259.0,53657.0,4033.5471979424865,0.4475312255154455,1.4210526315789476,0.0,903655259.0
Black Panther,2018,2,United States of America,"Action, Adventure, Science Fiction",994821488.5263159,1346913161.0,700059566.0,646853595.0,1346913161.0,53657.0,13046.938255959149,1.5379391816262782,1.4210526315789476,0.0,1346913161.0
Mission: Impossible - Fallout,2018,8,United States of America,"Action, Adventure",312857674.1052632,791115104.0,220159104.0,570956000.0,791115104.0,53657.0,4103.082617365861,0.5479540877147506,1.4210526315789476,0.0,791115104.0
Fantastic Beasts: The Crimes of Grindelwald,2018,10,"United Kingdom, United States of America","Fantasy, Adventure",226737333.00000003,655755901.0,159555901.0,496200000.0,655755901.0,53657.0,2973.6269452261586,0.4569474667472794,1.4210526315789476,0.0,655755901.0
Incredibles 2,2018,4,United States of America,"Action, Adventure, Animation, Family",864826688.8421054,1242805359.0,608581744.0,634223615.0,1242805359.0,53657.0,11342.075479434185,1.3635990026043185,1.4210526315789476,0.0,1242805359.0
Venom,2018,7,"China, United States of America","Science Fiction, Action",303416771.6842106,856085151.0,213515506.0,642569645.0,856085151.0,53657.0,3979.2665635425014,0.4721928183896869,1.4210526315789476,0.0,856085151.0
Aquaman,2018,5,United States of America,"Action, Adventure, Fantasy",476140462.5789474,1151961807.0,335061807.0,816900000.0,1151961807.0,53657.0,6244.51249603966,0.5828626056787213,1.4210526315789476,0.0,1151961807.0
Jurassic World: Fallen Kingdom,2018,3,United States of America,"Action, Adventure, Science Fiction, Thriller",593601764.2105263,1308467944.0,417719760.0,890748184.0,1308467944.0,53657.0,7785.00027955346,0.666408054344713,1.4210526315789476,0.0,1308467944.0
Deadpool 2,2018,9,United States of America,"Action, Comedy, Adventure",452593079.0526316,734546611.0,318491426.0,416055185.0,734546611.0,53657.0,5935.692006634736,1.0878198262392322,1.4210526315789476,0.0,734546611.0
Avengers: Endgame,2019,1,United States of America,"Adventure, Science Fiction, Action",1103622428.5714285,2799439100.0,858373000.0,1941066100.0,2799439100.0,56516.0,15188.14141128176,0.5685650934666411,1.2857142857142858,5.328288946456183,2799439100.0
Captain Marvel,2019,5,United States of America,"Action, Adventure, Science Fiction",548781221.5714287,1128274794.0,426829839.0,701444955.0,1128274794.0,56516.0,7552.3717000495435,0.7823582130852001,1.2857142857142858,0.0,1128274794.0
Toy Story 4,2019,8,United States of America,"Family, Adventure, Animation, Comedy, Fantasy",558048867.4285715,1073394593.0,434038008.0,639356585.0,1073394593.0,56516.0,7679.913794323731,0.8728288415588485,1.2857142857142858,0.0,1073394593.0
Aladdin,2019,9,United States of America,"Adventure, Fantasy, Romance, Family",457147563.42857146,1050693953.0,355559216.0,695134737.0,1050693953.0,56516.0,6291.301861419775,0.6576387843909051,1.2857142857142858,0.0,1050693953.0
Frozen II,2019,3,United States of America,"Family, Animation, Adventure, Comedy, Fantasy",613766028.8571429,1450026933.0,477373578.0,972653355.0,1450026933.0,56516.0,8446.697890862764,0.6310223736977116,1.2857142857142858,0.0,1450026933.0
The Lion King,2019,2,United States of America,"Adventure, Drama, Family, Animation",698963198.1428572,1656943394.0,543638043.0,1113305351.0,1656943394.0,56516.0,9619.188247575908,0.6278270355163839,1.2857142857142858,0.0,1656943394.0
Joker,2019,6,"Canada, United States of America","Crime, Thriller, Drama",431294542.71428573,1078751311.0,335451311.0,743300000.0,1078751311.0,56516.0,5935.510492603865,0.580242893467356,1.2857142857142858,0.0,1078751311.0
Jumanji: The Next Level,2019,10,United States of America,"Adventure, Comedy, Fantasy",411833520.00000006,801693929.0,320314960.0,481378969.0,801693929.0,56516.0,5667.686318918536,0.8555286926130752,1.2857142857142858,0.0,801693929.0
Spider-Man: Far from Home,2019,4,United States of America,"Action, Adventure, Science Fiction",502112680.71428573,1131927996.0,390532085.0,741395911.0,1131927996.0,56516.0,6910.115454030717,0.6772531022420027,1.2857142857142858,0.0,1131927996.0
Star Wars: Episode IX - The Rise of Skywalker,2019,7,United States of America,"Adventure, Action, Science Fiction",662403268.2857144,1074144248.0,515202542.0,558941706.0,1074144248.0,56516.0,9116.047526364215,1.1851025986701276,1.2857142857142858,0.0,1074144248.0
Bad Boys for Life,2020,3,United States of America,"Thriller, Action, Crime",348140099.25,426505244.0,206305244.0,220200000.0,426505244.0,59039.0,3494.3892003590845,1.5810177077656675,1.6875,4.464222521055983,426505244.0
Tenet,2020,5,"United Kingdom, United States of America","Action, Thriller, Science Fiction",98725677.1875,365304105.0,58504105.0,306800000.0,365304105.0,59039.0,990.9399718829926,0.3217916466346154,1.6875,0.0,365304105.0
The Eight Hundred,2020,2,China,"War, History, Drama, Action",629024.0625,461421559.0,372755.0,461048804.0,461421559.0,59039.0,6.313707888006233,0.0013643329232017702,1.6875,0.0,461421559.0
The Croods: A New Age,2020,10,United States of America,"Animation, Family, Adventure, Fantasy, Comedy",98834875.3125,215905815.0,58568815.0,157337000.0,215905815.0,59039.0,992.0360270329782,0.6281731271887732,1.6875,0.0,215905815.0
"My People, My Homeland",2020,4,China,"Drama, Comedy",0.0,422390820.0,0.0,422390820.0,422390820.0,59039.0,0.0,0.0,1.6875,0.0,422390820.0
Demon Slayer: Kimetsu no Yaiba - The Movie: Mugen Train,2020,1,Japan,"Animation, Action, Fantasy, Thriller",83539701.0,473230408.0,49505008.0,423725400.0,473230408.0,59039.0,838.5136604617287,0.19715528264295698,1.6875,0.0,473230408.0
Dolittle,2020,7,"China, United States of America","Family, Comedy, Fantasy, Adventure",130016922.1875,251410631.0,77047065.0,174363566.0,251410631.0,59039.0,1305.0198174088314,0.7456656523502163,1.6875,0.0,251410631.0
Jiang Ziya,2020,8,China,"Animation, Action, Fantasy, Adventure",362255.625,240646355.0,214670.0,240431685.0,240646355.0,59039.0,3.636071071664493,0.0015066883759517803,1.6875,0.0,240646355.0
Sonic the Hedgehog,2020,6,"Japan, United States of America","Action, Science Fiction, Comedy, Family",251394747.1875,319715683.0,148974665.0,170741018.0,319715683.0,59039.0,2523.326360541337,1.4723746533331552,1.6875,0.0,319715683.0
A Little Red Flower,2020,9,China,"Drama, Family",0.0,216000000.0,0.0,216000000.0,216000000.0,59039.0,0.0,0.0,1.6875,0.0,216000000.0
The Battle at Lake Changjin,2021,2,"China, Hong Kong","Drama, War",124933.74324324324,902548476.0,342411.0,902206065.0,902548476.0,61372.0,5.579270677181777,0.00013847584059772778,0.36486486486486486,3.951625196903752,902548476.0
Detective Chinatown 3,2021,6,China,"Action, Comedy, Mystery",0.0,686257563.0,0.0,686257563.0,686257563.0,61372.0,0.0,0.0,0.36486486486486486,0.0,686257563.0
Spider-Man: No Way Home,2021,1,United States of America,"Action, Adventure, Science Fiction",293640863.2297297,1910982770.0,804793477.0,1106189293.0,1910982770.0,61372.0,13113.365655347716,0.2654526355370624,0.36486486486486486,0.0,1910982770.0
F9: The Fast Saga,2021,5,United States of America,"Action, Adventure, Crime",63123790.74324324,726229501.0,173005945.0,553223556.0,726229501.0,61372.0,2818.971925307958,0.11410177686512546,0.36486486486486486,0.0,726229501.0
Venom: Let There Be Carnage,2021,7,United States of America,"Science Fiction, Action, Adventure",77917025.43243243,506813864.0,213550366.0,293263498.0,506813864.0,61372.0,3479.6057811379783,0.2656894770873681,0.36486486486486486,0.0,506813864.0
Sing 2,2021,10,United States of America,"Animation, Family, Music, Comedy",59396712.567567565,408402685.0,162790990.0,245611695.0,408402685.0,61372.0,2652.5286775728346,0.2418317766487771,0.36486486486486486,0.0,408402685.0
"Hi, Mom",2021,3,China,"Drama, Comedy, Fantasy",0.0,822009764.0,0.0,822009764.0,822009764.0,61372.0,0.0,0.0,0.36486486486486486,0.0,822009764.0
No Time to Die,2021,4,"United Kingdom, United States of America","Action, Thriller, Adventure",58703475.527027026,774153007.0,160891007.0,613262000.0,774153007.0,61372.0,2621.570211171218,0.09572332139775011,0.36486486486486486,0.0,774153007.0
Shang-Chi and the Legend of the Ten Rings,2021,9,United States of America,"Action, Adventure, Fantasy",81927957.8918919,432243292.0,224543292.0,207700000.0,432243292.0,61372.0,3658.7253470638075,0.39445333602258975,0.36486486486486486,0.0,432243292.0
Godzilla vs. Kong,2021,8,United States of America,"Action, Science Fiction, Adventure",36820737.0,470116094.0,100916094.0,369200000.0,470116094.0,61372.0,1644.3344521931826,0.09973114030335861,0.36486486486486486,0.0,470116094.0
Thor: Love and Thunder,2022,8,United States of America,"Fantasy, Action, Comedy",144811475.15625,760928081.0,343256830.0,417671251.0,760928081.0,61136.0,5614.643254383669,0.3467116178322984,0.421875,-0.38454018119011835,760928081.0
The Batman,2022,7,United States of America,"Crime, Mystery, Thriller",155817667.828125,772245583.0,369345583.0,402900000.0,772245583.0,61136.0,6041.376324914943,0.3867403023780715,0.421875,0.0,772245583.0
Top Gun: Maverick,2022,2,United States of America,"Action, Drama",303215408.859375,1495696292.0,718732821.0,776963471.0,1495696292.0,61136.0,11756.294507327924,0.3902569685407707,0.421875,0.0,1495696292.0
Jurassic World Dominion,2022,3,United States of America,"Adventure, Action, Science Fiction",158984049.375,1001978080.0,376851080.0,625127000.0,1001978080.0,61136.0,6164.143548809212,0.2543228006069167,0.421875,0.0,1001978080.0
Puss in Boots: The Last Wish,2022,10,United States of America,"Animation, Adventure, Fantasy, Comedy, Family",78506944.453125,481757663.0,186090535.0,295667128.0,481757663.0,61136.0,3043.8781568961003,0.26552476423123034,0.421875,0.0,481757663.0
Water Gate Bridge,2022,9,"China, Hong Kong","War, History, Action, Drama",49483.40625,626571697.0,117294.0,626454403.0,626571697.0,61136.0,1.9185749803716305,7.898963757462807e-05,0.421875,0.0,626571697.0
Minions: The Rise of Gru,2022,5,United States of America,"Animation, Comedy, Family, Adventure",156207978.984375,940203765.0,370270765.0,569933000.0,940203765.0,61136.0,6056.509503402251,0.27408130251165486,0.421875,0.0,940203765.0
Doctor Strange in the Multiverse of Madness,2022,4,United States of America,"Fantasy, Action, Adventure",173530521.703125,955775804.0,411331607.0,544444197.0,955775804.0,61136.0,6728.140653624706,0.31872967451818573,0.421875,0.0,955775804.0
Black Panther: Wakanda Forever,2022,6,United States of America,"Action, Adventure, Science Fiction",191459134.6875,859208836.0,453829060.0,405379776.0,859208836.0,61136.0,7423.270413504319,0.47229572372031703,0.421875,0.0,859208836.0
Avatar: The Way of Water,2022,1,United States of America,"Science Fiction, Adventure, Action",288594464.203125,2320250281.0,684075767.0,1636174514.0,2320250281.0,61136.0,11189.40995485475,0.17638366918305695,0.421875,0.0,2320250281.0
Guardians of the Galaxy Vol. 3,2023,4,United States of America,"Science Fiction, Adventure, Action",302902718.90625,845555777.0,358995815.0,486559962.0,845555777.0,63179.0,5682.201601798066,0.6225393426560856,0.84375,3.341729913635172,845555777.0
Fast X,2023,5,United States of America,"Action, Crime, Thriller",123293825.15625,704875015.0,146126015.0,558749000.0,704875015.0,63179.0,2312.8890137545704,0.22066048468319407,0.84375,0.0,704875015.0
Wonka,2023,8,"United Kingdom, United States of America","Comedy, Family, Fantasy",184276950.75,634402312.0,218402312.0,416000000.0,634402312.0,63179.0,3456.8814321214327,0.44297343930288463,0.84375,0.0,634402312.0
Full River Red,2023,7,"China, Hong Kong","Mystery, Comedy, Thriller, History",0.0,670491959.0,0.0,670491959.0,670491959.0,63179.0,0.0,0.0,0.84375,0.0,670491959.0
Mission: Impossible - Dead Reckoning Part One,2023,10,United States of America,"Action, Adventure",145239229.40625,570619838.0,172135383.0,398484455.0,570619838.0,63179.0,2724.56643821523,0.36447903446133173,0.84375,0.0,570619838.0
Spider-Man: Across the Spider-Verse,2023,6,United States of America,"Animation, Action, Adventure, Science Fiction",321731425.40625,690542303.0,381311319.0,309230984.0,690542303.0,63179.0,6035.412383861726,1.040424284929514,0.84375,0.0,690542303.0
The Wandering Earth II,2023,9,China,Science Fiction,4238267.625,615023132.0,5023132.0,610000000.0,615023132.0,63179.0,79.50635495971763,0.006947979713114754,0.84375,0.0,615023132.0
Barbie,2023,1,"United Kingdom, United States of America","Comedy, Adventure",536826167.71875,1446938421.0,636238421.0,810700000.0,1446938421.0,63179.0,10070.409803890534,0.6621761042540397,0.84375,0.0,1446938421.0
The Super Mario Bros. Movie,2023,2,"Japan, United States of America","Animation, Family, Adventure, Fantasy, Comedy",485100840.9375,1360847665.0,574934330.0,785913335.0,1360847665.0,63179.0,9100.085946279618,0.6172447003173702,0.84375,0.0,1360847665.0
Oppenheimer,2023,3,"United Kingdom, United States of America","Drama, History",278321518.125,975594978.0,329862540.0,645732438.0,975594978.0,63179.0,5221.0788394878045,0.4310167830301875,0.84375,0.0,975594978.0
Deadpool & Wolverine,2024,2,United States of America,"Action, Comedy, Science Fiction",636745858.0,1338073645.0,636745858.0,701327787.0,1338073645.0,,,0.9079147722404446,1.0,,1338073645.0
Venom: The Last Dance,2024,9,United States of America,"Action, Science Fiction, Adventure, Thriller",139728533.0,476857448.0,139728533.0,337128915.0,476857448.0,,,0.41446617831638677,1.0,,476857448.0
Inside Out 2,2024,1,United States of America,"Animation, Adventure, Comedy, Family",652980194.0,1698772985.0,652980194.0,1045792791.0,1698772985.0,,,0.6243877368628754,1.0,,1698772985.0
Despicable Me 4,2024,3,United States of America,"Animation, Family, Comedy, Science Fiction",361004205.0,969126452.0,361004205.0,608122247.0,969126452.0,,,0.5936375568907611,1.0,,969126452.0
Kung Fu Panda 4,2024,8,United States of America,"Animation, Family, Fantasy, Action",193590620.0,547689492.0,193590620.0,354098872.0,547689492.0,,,0.5467134614311904,1.0,,547689492.0
Wicked,2024,6,United States of America,"Drama, Romance, Fantasy",429282210.0,640176210.0,429282210.0,210894000.0,640176210.0,,,2.0355354348630117,1.0,,640176210.0
Beetlejuice Beetlejuice,2024,10,United States of America,"Comedy, Fantasy, Horror",294100435.0,451100435.0,294100435.0,157000000.0,451100435.0,,,1.873251178343949,1.0,,451100435.0
Dune: Part Two,2024,5,United States of America,"Science Fiction, Adventure",282144358.0,714444358.0,282144358.0,432300000.0,714444358.0,,,0.6526587046032848,1.0,,714444358.0
Godzilla x Kong: The New Empire,2024,7,United States of America,"Action, Adventure, Science Fiction",196350016.0,571750016.0,196350016.0,375400000.0,571750016.0,,,0.5230421310602025,1.0,,571750016.0
Moana 2,2024,4,"Canada, United States of America","Animation, Adventure, Family, Comedy",400008683.0,896608683.0,400008683.0,496600000.0,896608683.0,,,0.8054947301651229,1.0,,896608683.0
